,time,signal
0,0.0,0.12402275041994247
1,0.1001001001001001,0.49089898441948426
2,0.2002002002002002,-1.4502401405808518
3,0.3003003003003003,0.1565749808961624
4,0.4004004004004004,-1.4770058768696492
5,0.5005005005005005,0.49971421822443024
6,0.6006006006006006,-0.7232939201223493
7,0.7007007007007008,-0.15146090397783007
8,0.8008008008008008,-0.12544350217718908
9,0.9009009009009009,1.1561626841304011
10,1.001001001001001,0.5276579420455503
11,1.1011011011011012,-0.42264013795124583
12,1.2012012012012012,-0.558041541733691
13,1.3013013013013013,-0.7885541522742756
14,1.4014014014014016,0.26842436247355567
15,1.5015015015015016,-0.7971343345535993
16,1.6016016016016017,1.1138296221878277
17,1.7017017017017018,0.049828530882377854
18,1.8018018018018018,-0.8069440756663179
19,1.9019019019019021,1.1580970143898193
20,2.002002002002002,-0.9841998065819831
21,2.1021021021021022,-0.07297646024963227
22,2.2022022022022023,0.014618917261936648
23,2.3023023023023024,0.3453667554725808
24,2.4024024024024024,-1.0547157686940523
25,2.5025025025025025,0.18175532090790464
26,2.6026026026026026,0.5857168486687134
27,2.702702702702703,0.3951855179128718
28,2.802802802802803,-0.42192717754136877
29,2.902902902902903,0.8959663908718544
30,3.0030030030030033,-0.21015975814731655
31,3.1031031031031033,-0.18455594538228615
32,3.2032032032032034,-0.22468924356792122
33,3.3033033033033035,-0.21945453724069322
34,3.4034034034034035,-1.3268909388150683
35,3.5035035035035036,3.3466511287182388
36,3.6036036036036037,0.7334905141020358
37,3.7037037037037037,-0.41257582556604006
38,3.8038038038038042,1.1255500894567352
39,3.9039039039039043,0.19923568723581686
40,4.004004004004004,0.19094810052689118
41,4.104104104104104,-1.761531024912446
42,4.2042042042042045,0.7476907677383415
43,4.3043043043043046,-1.2971618291883427
44,4.404404404404405,1.1358602727079072
45,4.504504504504505,-0.23127369978375223
46,4.604604604604605,1.9079188444639157
47,4.704704704704705,-0.9813780664058568
48,4.804804804804805,1.8471278141376173
49,4.904904904904905,-0.7285857034301261
50,5.005005005005005,-0.5169994094438345
51,5.105105105105105,-1.9489389834770243
52,5.205205205205205,0.538418981152722
53,5.305305305305305,-0.23271892869354166
54,5.405405405405406,-0.15901771010389334
55,5.505505505505506,-0.11615787864219834
56,5.605605605605606,0.9959935697208055
57,5.705705705705706,1.5740741914316372
58,5.805805805805806,-0.3174441040581776
59,5.9059059059059065,1.3080431090590245
60,6.0060060060060065,1.0640098794555788
61,6.106106106106107,0.8881183062389933
62,6.206206206206207,-1.2753391177016689
63,6.306306306306307,1.6309593021400932
64,6.406406406406407,1.7929789098449722
65,6.506506506506507,-2.1753731321592342
66,6.606606606606607,-0.36749916146850786
67,6.706706706706707,0.5004156055409404
68,6.806806806806807,-0.04289412699356881
69,6.906906906906907,0.8480285430287757
70,7.007007007007007,1.0455401121200127
71,7.107107107107107,-0.3679722761991217
72,7.207207207207207,1.3505854448962087
73,7.307307307307307,1.1561292847550626
74,7.407407407407407,0.9720470099096773
75,7.507507507507508,0.4568347610641622
76,7.6076076076076085,-0.8185074364345718
77,7.7077077077077085,-0.49594866185739966
78,7.807807807807809,0.041534874072556384
79,7.907907907907909,-0.39649667836408353
80,8.008008008008009,0.5746712536727501
81,8.108108108108109,0.19888415951566477
82,8.208208208208209,-0.25752631073103344
83,8.308308308308309,-1.606867143491611
84,8.408408408408409,-0.765827050737689
85,8.508508508508509,-2.006639018497847
86,8.608608608608609,-0.05834886456368957
87,8.70870870870871,-1.0959780317646575
88,8.80880880880881,1.0601605097763351
89,8.90890890890891,0.8346804587207997
90,9.00900900900901,-0.7149609201720369
91,9.10910910910911,1.6523547103878977
92,9.20920920920921,-0.06356907440297842
93,9.30930930930931,-1.3099972942787317
94,9.40940940940941,1.2737201392521258
95,9.50950950950951,0.27692516523905897
96,9.60960960960961,-0.2941551688871633
97,9.70970970970971,-0.9076626511334627
98,9.80980980980981,0.625727243027149
99,9.90990990990991,-0.024910204718269043
100,10.01001001001001,-1.1093463107650825
101,10.11011011011011,-0.3258059749006695
102,10.21021021021021,0.40788107691175746
103,10.31031031031031,-0.6305337960593914
104,10.41041041041041,0.044485063131284946
105,10.51051051051051,0.022250342333260825
106,10.61061061061061,-0.10313064005302253
107,10.710710710710712,0.9143016337276778
108,10.810810810810812,0.08788536560017358
109,10.910910910910912,-1.2814358145448
110,11.011011011011012,0.11868031285412158
111,11.111111111111112,0.45008954133565504
112,11.211211211211213,-1.476514430042559
113,11.311311311311313,0.21330064840645055
114,11.411411411411413,0.22509105272283012
115,11.511511511511513,-1.31714478202054
116,11.611611611611613,0.9025854823809671
117,11.711711711711713,0.26972170301356374
118,11.811811811811813,-0.45148367306023407
119,11.911911911911913,1.2266228479908992
120,12.012012012012013,-1.8674497922734452
121,12.112112112112113,1.9985237159166367
122,12.212212212212213,0.2620193420523509
123,12.312312312312313,-0.6836256552415931
124,12.412412412412413,1.1904463179815274
125,12.512512512512513,0.25965848615016934
126,12.612612612612613,0.15435621553155024
127,12.712712712712714,0.866538639453902
128,12.812812812812814,-0.514501755282351
129,12.912912912912914,0.8531888628536216
130,13.013013013013014,0.5549447604220313
131,13.113113113113114,-1.7578355133086085
132,13.213213213213214,-0.6503622457441838
133,13.313313313313314,-1.4264716646890343
134,13.413413413413414,-0.5030931050969717
135,13.513513513513514,0.7627001231417638
136,13.613613613613614,0.37559618428764596
137,13.713713713713714,0.9953137445078386
138,13.813813813813814,-0.7967155477560552
139,13.913913913913914,0.17386295673281554
140,14.014014014014014,-0.37374995494357394
141,14.114114114114114,0.3219813571768143
142,14.214214214214214,1.2627214658682626
143,14.314314314314315,1.557403590612667
144,14.414414414414415,-0.7741350782001012
145,14.514514514514515,-2.220491388800956
146,14.614614614614615,0.0950460381263094
147,14.714714714714715,0.97033113121921
148,14.814814814814815,-0.7656824010513973
149,14.914914914914915,0.710187290601012
150,15.015015015015017,1.0216855297952872
151,15.115115115115117,-0.1415611099921806
152,15.215215215215217,0.0008330145379918761
153,15.315315315315317,-0.47269978890217423
154,15.415415415415417,-0.18214562227114484
155,15.515515515515517,-0.4228424030617265
156,15.615615615615617,-0.8750306378774191
157,15.715715715715717,0.4908822477259057
158,15.815815815815817,-0.2763912109579829
159,15.915915915915917,0.8092511097151606
160,16.016016016016017,1.0451790433837285
161,16.116116116116117,-0.5121878342859209
162,16.216216216216218,-1.167106771402045
163,16.316316316316318,-0.644618245312141
164,16.416416416416418,0.5116954103120127
165,16.516516516516518,-1.3899824441116544
166,16.616616616616618,-1.2450646842231003
167,16.716716716716718,-0.24609163320056535
168,16.816816816816818,0.8445242405905092
169,16.916916916916918,0.15790960601468496
170,17.017017017017018,-0.1357988318724433
171,17.117117117117118,0.5105890271489889
172,17.217217217217218,-0.6865655633455238
173,17.31731731731732,-1.6660340191607363
174,17.41741741741742,-0.6225408887240903
175,17.51751751751752,-0.07322635452138117
176,17.61761761761762,0.8404198638006243
177,17.71771771771772,0.4950801528656449
178,17.81781781781782,-0.31849264513990067
179,17.91791791791792,0.9988955968671439
180,18.01801801801802,0.33293470127312413
181,18.11811811811812,0.9678391436379213
182,18.21821821821822,-2.1506943576425543
183,18.31831831831832,-0.9134191630903074
184,18.41841841841842,-0.003395688233850207
185,18.51851851851852,1.642891845977758
186,18.61861861861862,0.34612219173193254
187,18.71871871871872,0.6586118654445801
188,18.81881881881882,1.673916544065781
189,18.91891891891892,-0.6606124527278052
190,19.01901901901902,-0.7867632950284389
191,19.11911911911912,-1.0579304134032348
192,19.21921921921922,-0.47434147241652436
193,19.31931931931932,-0.21319466758086003
194,19.41941941941942,1.5671958532640047
195,19.51951951951952,0.17064345502695505
196,19.61961961961962,0.41550443640285734
197,19.71971971971972,-0.8580291646228245
198,19.81981981981982,-0.6126989295707238
199,19.91991991991992,-0.8326847242119654
200,20.02002002002002,-1.052183600782507
201,20.12012012012012,2.2726966002351943
202,20.22022022022022,0.28832989976269974
203,20.32032032032032,1.0700604404012777
204,20.42042042042042,1.4857031634167688
205,20.52052052052052,-0.7009156184917762
206,20.62062062062062,-1.3218733608532955
207,20.72072072072072,0.6610834776803617
208,20.82082082082082,0.13044252580623744
209,20.92092092092092,0.8693075538430365
210,21.02102102102102,-0.1886442230039047
211,21.12112112112112,1.3565505597357925
212,21.22122122122122,-1.2268609845065703
213,21.32132132132132,-1.2125967702590248
214,21.421421421421424,1.497905909633512
215,21.521521521521525,-0.4549709609046883
216,21.621621621621625,-0.19885696528532942
217,21.721721721721725,0.4150965212953576
218,21.821821821821825,0.5698613741202522
219,21.921921921921925,-0.5035836344082587
220,22.022022022022025,0.42769697783235927
221,22.122122122122125,0.48909376491654377
222,22.222222222222225,0.03389948099997878
223,22.322322322322325,0.2174514598231279
224,22.422422422422425,1.6208175250847756
225,22.522522522522525,-0.06672651625528894
226,22.622622622622625,-0.6442662552340118
227,22.722722722722725,0.29581962011872753
228,22.822822822822825,0.11401689916597603
229,22.922922922922925,-0.907856858177079
230,23.023023023023026,-0.13745039136819587
231,23.123123123123126,-0.7172179131364892
232,23.223223223223226,1.4710863836361971
233,23.323323323323326,0.18832603039837312
234,23.423423423423426,2.2464287057182637
235,23.523523523523526,1.4064277925571687
236,23.623623623623626,0.3233108131703199
237,23.723723723723726,0.3076650336424239
238,23.823823823823826,-0.5388864391774553
239,23.923923923923926,0.21274532192841655
240,24.024024024024026,-0.8400647092872031
241,24.124124124124126,0.39371598342201136
242,24.224224224224226,-0.015372739529971752
243,24.324324324324326,0.9917603946902639
244,24.424424424424426,1.391087613375875
245,24.524524524524526,0.764769119725145
246,24.624624624624627,1.5915581524888907
247,24.724724724724727,-0.027294176184906174
248,24.824824824824827,0.20546840171734834
249,24.924924924924927,0.8880146792812063
250,25.025025025025027,-0.07296273633780853
251,25.125125125125127,-0.144754989130665
252,25.225225225225227,0.33276823155460533
253,25.325325325325327,-0.675238773776935
254,25.425425425425427,-0.5615441739637367
255,25.525525525525527,0.3356172282766513
256,25.625625625625627,0.9402996589749275
257,25.725725725725727,1.3675752039959916
258,25.825825825825827,0.46885998394757583
259,25.925925925925927,-0.4401280735568901
260,26.026026026026027,0.9235859888172017
261,26.126126126126128,-0.19484534920638621
262,26.226226226226228,1.113165419222372
263,26.326326326326328,0.0859741812556343
264,26.426426426426428,-0.8631667045053026
265,26.526526526526528,-0.07435785901865784
266,26.626626626626628,2.515850228067541
267,26.726726726726728,-2.0752388319771033
268,26.826826826826828,-0.05195623362206012
269,26.926926926926928,-1.9273464923045966
270,27.027027027027028,-0.1542001160148782
271,27.127127127127128,0.9672438503922467
272,27.227227227227228,0.7376093828334503
273,27.32732732732733,0.41128881863656563
274,27.42742742742743,0.8086043439970542
275,27.52752752752753,0.7624877583342656
276,27.62762762762763,0.7373822280952297
277,27.72772772772773,-0.6600736959287563
278,27.82782782782783,0.5829071124140374
279,27.92792792792793,1.4742022027236985
280,28.02802802802803,-1.2447688499918972
281,28.12812812812813,2.273595501766836
282,28.22822822822823,-0.8293391492066969
283,28.32832832832833,-0.2737450429858993
284,28.42842842842843,0.9553681360808627
285,28.52852852852853,-0.4440982777150317
286,28.62862862862863,-0.8614512428620172
287,28.72872872872873,1.2378393035454427
288,28.82882882882883,-0.6243759521425063
289,28.92892892892893,0.5294878582789431
290,29.02902902902903,-0.0371277840029302
291,29.12912912912913,-0.3793633595893058
292,29.22922922922923,0.27022980808220226
293,29.32932932932933,-0.47306459068338763
294,29.42942942942943,-1.2999233024495558
295,29.52952952952953,1.3533083466063789
296,29.62962962962963,0.6082828889406207
297,29.72972972972973,-0.24720889353554024
298,29.82982982982983,-0.2629377059828363
299,29.929929929929934,-0.6996167007319686
300,30.030030030030034,0.9127922910322189
301,30.130130130130134,-0.020720831282774767
302,30.230230230230234,-0.43261632838575603
303,30.330330330330334,0.32653435791585
304,30.430430430430434,-2.017936550784375
305,30.530530530530534,0.9927105684795929
306,30.630630630630634,-0.4618385899026137
307,30.730730730730734,-1.5271327228240326
308,30.830830830830834,-0.12423469489983398
309,30.930930930930934,2.110336879990306
310,31.031031031031034,-1.9717060548842678
311,31.131131131131134,0.7238277514079438
312,31.231231231231234,-0.45628144174513374
313,31.331331331331334,1.2659684842094638
314,31.431431431431434,-0.584447316821521
315,31.531531531531535,-0.5011958612326198
316,31.631631631631635,0.15369299822315022
317,31.731731731731735,1.6124205096879587
318,31.831831831831835,0.7715329319717353
319,31.931931931931935,0.9841533391525917
320,32.032032032032035,-0.320724544460722
321,32.132132132132135,-1.4732792772857857
322,32.232232232232235,-0.049032669596883
323,32.332332332332335,-1.3665483231801687
324,32.432432432432435,1.721489372186365
325,32.532532532532535,1.2800774484718616
326,32.632632632632635,0.2394124002772189
327,32.732732732732735,0.5086120568572383
328,32.832832832832835,0.1162446599143444
329,32.932932932932935,-0.39658795681341014
330,33.033033033033036,-0.48643067424530456
331,33.133133133133136,-0.3063645830613052
332,33.233233233233236,1.4095793611270773
333,33.333333333333336,-0.05211916644273572
334,33.433433433433436,-0.24413333541772617
335,33.533533533533536,0.5283373415334562
336,33.633633633633636,1.050426354959476
337,33.733733733733736,1.9001647448887953
338,33.833833833833836,-0.26728711599055865
339,33.933933933933936,-1.2032056136551916
340,34.034034034034036,0.57814301443596
341,34.134134134134136,1.3707426626994204
342,34.234234234234236,0.8263085959550633
343,34.334334334334336,-0.34082481578440227
344,34.434434434434436,-0.30906554727364915
345,34.53453453453454,-0.2978220338212425
346,34.63463463463464,-0.5897565581689307
347,34.73473473473474,-0.9042061063934826
348,34.83483483483484,-0.34390113514701776
349,34.93493493493494,-1.5293663064343073
350,35.03503503503504,-0.2976526235999432
351,35.13513513513514,-0.7072140785997559
352,35.23523523523524,-2.405381742243451
353,35.33533533533534,-0.659597683289054
354,35.43543543543544,0.722664452072069
355,35.53553553553554,0.7895477022532166
356,35.63563563563564,1.967185541039141
357,35.73573573573574,1.2215452532115008
358,35.83583583583584,2.334032050831638
359,35.93593593593594,-0.08201240942119732
360,36.03603603603604,-1.2259530386561117
361,36.13613613613614,-0.9633580131232057
362,36.23623623623624,-0.16973155406347828
363,36.33633633633634,2.2844798808494193
364,36.43643643643644,-0.18620407490270288
365,36.53653653653654,-1.2531169109409332
366,36.63663663663664,-0.3267186971789023
367,36.73673673673674,0.2801943481019162
368,36.83683683683684,0.25916749330713695
369,36.93693693693694,0.23446373879309504
370,37.03703703703704,-1.4087112550791974
371,37.13713713713714,0.4182513306420141
372,37.23723723723724,0.21928253849943302
373,37.33733733733734,-0.5809266848017302
374,37.43743743743744,0.5023698254587095
375,37.53753753753754,-0.6366096612338742
376,37.63763763763764,0.30969582006944957
377,37.73773773773774,-0.9157330363283674
378,37.83783783783784,0.7503259370126347
379,37.93793793793794,1.1946114657761278
380,38.03803803803804,-0.50856017013568
381,38.13813813813814,-0.57710147108753
382,38.23823823823824,-1.2145788604283214
383,38.33833833833834,-2.193626976948214
384,38.43843843843844,-1.9568470151752555
385,38.53853853853854,0.3534337817759108
386,38.63863863863864,-0.4886954613184101
387,38.73873873873874,-0.9407260501040848
388,38.83883883883884,-1.1878238398792602
389,38.93893893893894,0.14650911088618537
390,39.03903903903904,-0.07893141100666898
391,39.13913913913914,0.2522121871582411
392,39.23923923923924,0.12975211011381774
393,39.33933933933934,0.5743954345738927
394,39.43943943943944,1.3782073534994446
395,39.53953953953954,0.11214125258807925
396,39.63963963963964,0.46889598308917874
397,39.73973973973974,1.0165843888551485
398,39.83983983983984,0.4979637056609086
399,39.93993993993994,-1.1183427010780536
400,40.04004004004004,2.1802961739069486
401,40.14014014014014,0.04367094269740026
402,40.24024024024024,1.8911849830239085
403,40.34034034034034,0.03161105573410698
404,40.44044044044044,0.534233948828547
405,40.54054054054054,0.8273235862661359
406,40.64064064064064,1.299752632251556
407,40.74074074074074,0.25432516990575366
408,40.84084084084084,-0.7295067580304443
409,40.94094094094094,0.71633969072785
410,41.04104104104104,-0.37953105672890525
411,41.14114114114114,-1.4202300822744527
412,41.24124124124124,-0.3846647921104751
413,41.34134134134134,-0.5656491630969249
414,41.44144144144144,-0.0756699776372289
415,41.54154154154154,-0.39908404582807
416,41.64164164164164,-1.2172850861315616
417,41.74174174174174,-0.5696683487072198
418,41.84184184184184,0.16822235874273736
419,41.94194194194194,-0.5450417749758812
420,42.04204204204204,0.0050930286920745456
421,42.14214214214214,1.6881297639906276
422,42.24224224224224,-1.0044868183407873
423,42.34234234234234,-0.5835102217192767
424,42.44244244244244,1.3101455523287873
425,42.54254254254254,1.5168448938479038
426,42.64264264264264,0.034977949934401634
427,42.74274274274275,0.09192085826669003
428,42.84284284284285,0.42985168668276674
429,42.94294294294295,-1.3300948043484133
430,43.04304304304305,1.8353629355036924
431,43.14314314314315,0.2441533138242739
432,43.24324324324325,-0.6121842749197344
433,43.34334334334335,-0.7829485099686627
434,43.44344344344345,-2.0304239712042382
435,43.54354354354355,1.2045958596596986
436,43.64364364364365,-0.48320185517932823
437,43.74374374374375,-0.6934182304829531
438,43.84384384384385,-0.36192552290787533
439,43.94394394394395,-0.2510808552187313
440,44.04404404404405,-1.0080752560126265
441,44.14414414414415,-0.7629673444869153
442,44.24424424424425,-1.0204448149747622
443,44.34434434434435,-1.4564750053082463
444,44.44444444444445,-0.337586325409023
445,44.54454454454455,1.92852663952569
446,44.64464464464465,-0.1642672297255677
447,44.74474474474475,-1.1739233591474116
448,44.84484484484485,0.011450131645416984
449,44.94494494494495,0.6013478226723024
450,45.04504504504505,-0.3353980807304641
451,45.14514514514515,-1.2917313910565174
452,45.24524524524525,-1.8190433608521122
453,45.34534534534535,1.182641624032442
454,45.44544544544545,-0.007030977615419838
455,45.54554554554555,-0.5945723893554492
456,45.64564564564565,1.125438955139632
457,45.74574574574575,-1.4214839538892654
458,45.84584584584585,0.060633284065543594
459,45.94594594594595,-0.17879374229014316
460,46.04604604604605,0.22637805243589815
461,46.14614614614615,-0.7686122144232578
462,46.24624624624625,-0.014168080807795016
463,46.34634634634635,0.2513801504202328
464,46.44644644644645,0.8868083278420549
465,46.54654654654655,0.35530098436033497
466,46.64664664664665,-0.7590857391321305
467,46.74674674674675,0.5853625065019181
468,46.84684684684685,-0.31679691223059214
469,46.94694694694695,-0.09211661077729624
470,47.04704704704705,-0.36406906892620106
471,47.14714714714715,-0.7388023558683937
472,47.24724724724725,-1.0368531903936478
473,47.34734734734735,-1.6150877310789007
474,47.44744744744745,0.31061092179792255
475,47.54754754754755,-0.2902593178576755
476,47.64764764764765,1.1959550742700735
477,47.74774774774775,1.641044395175616
478,47.84784784784785,-0.6867317077247983
479,47.94794794794795,1.4075511364619786
480,48.04804804804805,1.012330783993099
481,48.14814814814815,0.9198156929712208
482,48.24824824824825,0.7172540079221723
483,48.34834834834835,-1.2760479057379848
484,48.44844844844845,-0.8591657742510961
485,48.54854854854855,0.742238354252869
486,48.64864864864865,0.2443468433367217
487,48.74874874874875,-1.1914161742033162
488,48.84884884884885,-0.7921001361580081
489,48.94894894894895,-0.8014860640466637
490,49.04904904904905,0.6393778076413068
491,49.14914914914915,-0.19519937462367157
492,49.24924924924925,-0.421945912953528
493,49.34934934934935,0.7932465368881279
494,49.44944944944945,-1.3998651030048015
495,49.54954954954955,-1.7397088615640328
496,49.64964964964965,0.4219361973010879
497,49.74974974974975,-0.30205925231410724
498,49.84984984984985,-1.0350696222896005
499,49.94994994994995,-1.2023623390958076
500,50.050050050050054,1.1807388478986354
501,50.150150150150154,1.2628457608424013
502,50.250250250250254,0.8539410733978561
503,50.350350350350354,0.9105492340164073
504,50.450450450450454,0.22973415812857248
505,50.550550550550554,0.5874006713726353
506,50.650650650650654,1.3786626406322438
507,50.750750750750754,-0.5282761807148111
508,50.850850850850854,0.07748760432828017
509,50.950950950950954,0.3269647555605188
510,51.051051051051054,-0.16194830945140273
511,51.151151151151154,-0.7639182782641993
512,51.251251251251254,0.22974211787461635
513,51.351351351351354,0.7408490997796693
514,51.451451451451454,0.7138771826275616
515,51.551551551551555,1.0811657092452902
516,51.651651651651655,-0.59959460031543
517,51.751751751751755,-0.13376086387268177
518,51.851851851851855,1.8830863862325753
519,51.951951951951955,1.1481787061223951
520,52.052052052052055,0.1266108264221729
521,52.152152152152155,-1.0642230372378378
522,52.252252252252255,0.4473514108104293
523,52.352352352352355,1.0110963851021675
524,52.452452452452455,-0.1557424944300943
525,52.552552552552555,-1.7466549826190774
526,52.652652652652655,-1.0627609343571678
527,52.752752752752755,0.7631778779914167
528,52.852852852852855,-0.4617189784490912
529,52.952952952952955,0.7420649964053935
530,53.053053053053056,1.704445631929527
531,53.153153153153156,-0.526904354649771
532,53.253253253253256,0.33648904518606315
533,53.353353353353356,0.6389253519446214
534,53.453453453453456,1.5746252666384806
535,53.553553553553556,0.49038483985926823
536,53.653653653653656,-1.5642732205033496
537,53.753753753753756,0.2008919834079449
538,53.853853853853856,-1.8442916462821914
539,53.953953953953956,1.0746037157247763
540,54.054054054054056,0.44266363990826646
541,54.154154154154156,0.7789729104363761
542,54.254254254254256,1.404094970432806
543,54.354354354354356,-1.8202990432317894
544,54.454454454454456,0.24491155128195324
545,54.55455455455456,0.008684645585462255
546,54.65465465465466,-1.7905314127400807
547,54.75475475475476,-0.919970560752449
548,54.85485485485486,0.7161827861703634
549,54.95495495495496,-0.2407762611463248
550,55.05505505505506,1.748588414595611
551,55.15515515515516,0.3547158599345022
552,55.25525525525526,-1.5465307488394093
553,55.35535535535536,-2.0590042845628607
554,55.45545545545546,0.19819622964476943
555,55.55555555555556,-1.1215383102371126
556,55.65565565565566,0.06537019466542235
557,55.75575575575576,0.6086413741862474
558,55.85585585585586,0.7454532721143005
559,55.95595595595596,-0.3790636250909878
560,56.05605605605606,-0.45383353799323445
561,56.15615615615616,0.5180981334828031
562,56.25625625625626,0.18008323069337556
563,56.35635635635636,-0.8541651061497618
564,56.45645645645646,-0.27701432241356444
565,56.55655655655656,0.08388105412425594
566,56.65665665665666,0.49263494958053694
567,56.75675675675676,-1.3053850712627515
568,56.85685685685686,0.7473989152650651
569,56.95695695695696,2.963778479887091
570,57.05705705705706,0.6690655328415541
571,57.15715715715716,0.8122498163242344
572,57.25725725725726,0.6244936962317288
573,57.35735735735736,1.4440031059661098
574,57.45745745745746,1.6924777762879124
575,57.55755755755756,1.0160708106259735
576,57.65765765765766,-0.3890101483250513
577,57.75775775775776,1.1597488246753818
578,57.85785785785786,-1.3875559077360167
579,57.95795795795796,-1.9957790973040335
580,58.05805805805806,0.3203192845464801
581,58.15815815815816,-0.325721760998972
582,58.25825825825826,-0.5373670073888803
583,58.35835835835836,1.0280479762296248
584,58.45845845845846,-0.9528600301530379
585,58.55855855855856,-0.4624163613626192
586,58.65865865865866,-1.2947310403813497
587,58.75875875875876,-1.3491641670017165
588,58.85885885885886,-0.7140952089420378
589,58.95895895895896,-1.1487224998856183
590,59.05905905905906,0.6973869810038067
591,59.15915915915916,-0.6108789609606491
592,59.25925925925926,3.6168658211963196
593,59.35935935935936,0.8487456645496588
594,59.45945945945946,-1.8700150296932403
595,59.55955955955956,-0.27052659870395307
596,59.65965965965966,-0.511228268106881
597,59.75975975975976,0.8088867531523438
598,59.85985985985987,-1.623869179174496
599,59.95995995995997,-0.015468988778337389
600,60.06006006006007,-0.058049194770802615
601,60.16016016016017,-0.7184829328280147
602,60.26026026026027,-0.19022794613069263
603,60.36036036036037,-1.0625253622942166
604,60.46046046046047,-0.249832048939424
605,60.56056056056057,0.6764219332477464
606,60.66066066066067,0.14306392121550215
607,60.76076076076077,0.2678618482079291
608,60.86086086086087,0.43401847393745413
609,60.96096096096097,-1.8431089641767389
610,61.06106106106107,1.0223620695786344
611,61.16116116116117,-0.8215783714777376
612,61.26126126126127,-0.8040669586073677
613,61.36136136136137,0.913325088773846
614,61.46146146146147,-0.9366075693094125
615,61.56156156156157,-1.1140510718261594
616,61.66166166166167,-0.4830376162760892
617,61.76176176176177,-0.21995122399776132
618,61.86186186186187,0.07108177871071347
619,61.96196196196197,-0.40188322458635933
620,62.06206206206207,0.21301419535062424
621,62.16216216216217,0.0232408676552556
622,62.26226226226227,0.6533319422699528
623,62.36236236236237,-0.024753502179978716
624,62.46246246246247,-0.762820008694153
625,62.56256256256257,1.4806705940239782
626,62.66266266266267,-1.2060965966764945
627,62.76276276276277,-0.8768725596444039
628,62.86286286286287,0.016519995250120604
629,62.96296296296297,1.9984074805627547
630,63.06306306306307,1.2790285274743793
631,63.16316316316317,-0.33014233229158174
632,63.26326326326327,-0.6928789887977754
633,63.36336336336337,1.8023797018488659
634,63.46346346346347,0.0898466314008119
635,63.56356356356357,0.3549739123333991
636,63.66366366366367,-0.9412883483191254
637,63.76376376376377,-1.9908840281452174
638,63.86386386386387,0.16861238303651163
639,63.96396396396397,1.99994814483036
640,64.06406406406407,1.104854987999389
641,64.16416416416416,-0.08452681881568122
642,64.26426426426427,0.4641901268571773
643,64.36436436436436,-0.1411230248262543
644,64.46446446446447,1.6325992626429682
645,64.56456456456456,0.4146398439903926
646,64.66466466466467,1.3072614574118
647,64.76476476476476,0.34390999375291276
648,64.86486486486487,-0.1462866029709912
649,64.96496496496496,-1.4944095283788672
650,65.06506506506507,1.749259036008461
651,65.16516516516516,0.7745295252092241
652,65.26526526526527,0.26065470679510455
653,65.36536536536536,-0.8313216529495553
654,65.46546546546547,0.38716360173585695
655,65.56556556556556,0.06608212691160208
656,65.66566566566567,-0.40242673928239675
657,65.76576576576576,-1.2103730138295288
658,65.86586586586587,1.0476004669020405
659,65.96596596596596,-0.19795692722598987
660,66.06606606606607,-1.9101029529701004
661,66.16616616616616,-1.797537046281527
662,66.26626626626627,-0.7056099610555177
663,66.36636636636636,-0.41795919054162506
664,66.46646646646647,0.2841167221078755
665,66.56656656656656,-1.0428331773427848
666,66.66666666666667,0.7373403624920132
667,66.76676676676676,0.4910411286048745
668,66.86686686686687,1.0069412372468995
669,66.96696696696696,1.4457192934728553
670,67.06706706706707,0.14134334538175156
671,67.16716716716716,0.8229721919213719
672,67.26726726726727,-0.21531825423916912
673,67.36736736736736,-0.8926607804391079
674,67.46746746746747,0.25947212086205035
675,67.56756756756756,0.28504476701732506
676,67.66766766766767,1.1032620875114376
677,67.76776776776777,0.29625245527742056
678,67.86786786786787,-1.5367873273482298
679,67.96796796796797,-0.1567424381722242
680,68.06806806806807,2.3718810060363626
681,68.16816816816817,0.12808734605816974
682,68.26826826826827,-0.5746049934098639
683,68.36836836836838,1.8208746083323029
684,68.46846846846847,0.5366227837907089
685,68.56856856856858,0.881701415573732
686,68.66866866866867,-0.8585827359144502
687,68.76876876876878,-1.6499256801468247
688,68.86886886886887,1.4337262632730392
689,68.96896896896898,0.5130060861209608
690,69.06906906906907,-0.011710497506605683
691,69.16916916916918,1.2036441914560094
692,69.26926926926927,1.5759584573159167
693,69.36936936936938,0.3610028122515246
694,69.46946946946947,0.06168540009547522
695,69.56956956956958,-0.8233641118300269
696,69.66966966966967,-0.6383547467645879
697,69.76976976976978,0.4933222129543703
698,69.86986986986987,0.4689514882744203
699,69.96996996996998,-0.2773476674710025
700,70.07007007007007,-2.0867248232385416
701,70.17017017017018,0.02729227042206901
702,70.27027027027027,-0.1434773536051064
703,70.37037037037038,-1.97877427290708
704,70.47047047047047,-2.1580775701784445
705,70.57057057057058,0.3557832752884796
706,70.67067067067067,0.8601502671732467
707,70.77077077077078,-1.210623023226222
708,70.87087087087087,0.8113324322580915
709,70.97097097097098,-0.40051925360225876
710,71.07107107107107,0.9527697340537766
711,71.17117117117118,-1.0335098407456687
712,71.27127127127127,0.5651106499900583
713,71.37137137137138,1.0588906656051937
714,71.47147147147147,1.8018860072138347
715,71.57157157157158,-0.7056279810272684
716,71.67167167167167,0.5495249976642628
717,71.77177177177178,-0.3822750634952662
718,71.87187187187187,0.6386805223189892
719,71.97197197197198,0.6706433898102616
720,72.07207207207207,-0.9404249806736581
721,72.17217217217218,-0.41998917768379157
722,72.27227227227228,-0.2878570633686588
723,72.37237237237238,1.3822763584247955
724,72.47247247247248,0.4420773205726138
725,72.57257257257258,0.7753796808811727
726,72.67267267267268,0.45442707024180234
727,72.77277277277278,-0.23591240617438455
728,72.87287287287288,-0.185261502912538
729,72.97297297297298,1.5267549280663724
730,73.07307307307308,-1.0627088485454221
731,73.17317317317318,0.8811755205797557
732,73.27327327327328,0.718276232428545
733,73.37337337337338,-0.8004589988417423
734,73.47347347347348,-0.889487233320219
735,73.57357357357358,-0.05840047042014265
736,73.67367367367368,1.4105178134242187
737,73.77377377377378,-1.0921349265078235
738,73.87387387387388,0.3711564023618575
739,73.97397397397398,-1.4991849332451925
740,74.07407407407408,-0.7188964190686531
741,74.17417417417418,0.7436974250406091
742,74.27427427427428,0.3114513840497003
743,74.37437437437438,-0.23128653952966802
744,74.47447447447448,0.45916894555108945
745,74.57457457457458,-0.11806203775216453
746,74.67467467467468,-0.7670299751257836
747,74.77477477477478,-1.7792418824344696
748,74.87487487487488,0.013679777100907679
749,74.97497497497498,0.11273449595328758
750,75.07507507507508,0.7567489442414849
751,75.17517517517518,-0.2280202695265041
752,75.27527527527528,-1.0607122212060212
753,75.37537537537538,0.41517035341345876
754,75.47547547547548,-0.6041607647542163
755,75.57557557557558,1.8101101978115477
756,75.67567567567568,-0.9927512435098741
757,75.77577577577578,1.2277994618050103
758,75.87587587587588,0.6637442256785427
759,75.97597597597598,-0.9501873740516973
760,76.07607607607608,-1.4916346908764946
761,76.17617617617618,1.991787064961392
762,76.27627627627628,0.7984244817638884
763,76.37637637637638,1.3902772819201543
764,76.47647647647648,-1.7760700479758016
765,76.57657657657658,-0.3139624906955124
766,76.67667667667668,0.21831636124602452
767,76.77677677677679,-0.16332195817140593
768,76.87687687687688,0.07820819503876623
769,76.97697697697699,0.06788936098152036
770,77.07707707707708,-0.8451479705753131
771,77.17717717717719,-1.2819686915495558
772,77.27727727727728,0.03987993625575592
773,77.37737737737739,-2.9030831743603613
774,77.47747747747748,1.5207692307962188
775,77.57757757757759,0.38134027627317757
776,77.67767767767768,-0.7911269971909821
777,77.77777777777779,-0.45246030781752555
778,77.87787787787788,0.04459330126733918
779,77.97797797797799,-1.0403859900655512
780,78.07807807807808,0.5129470271938935
781,78.17817817817819,0.4495193922884688
782,78.27827827827828,0.7433768584962369
783,78.37837837837839,-0.07301730673284301
784,78.47847847847848,0.24309556420477665
785,78.57857857857859,-0.6441766541449384
786,78.67867867867868,-1.7295069611813878
787,78.77877877877879,-0.9356151819431762
788,78.87887887887888,-0.0652514984323956
789,78.97897897897899,0.21862458647681823
790,79.07907907907908,-0.0024729191781301934
791,79.17917917917919,1.0287636134611342
792,79.27927927927928,-0.07337840606101641
793,79.37937937937939,1.6884672082134997
794,79.47947947947948,-0.11077772561005557
795,79.57957957957959,0.16467412656328084
796,79.67967967967968,-2.2530850995667624
797,79.77977977977979,0.3509673327177409
798,79.87987987987988,1.2242824868277427
799,79.97997997997999,1.5317174393725856
800,80.08008008008008,2.1835907449713146
801,80.18018018018019,-0.3860892441993527
802,80.28028028028028,-0.578304870707729
803,80.38038038038039,0.17365043192250787
804,80.48048048048048,-0.7323903912177379
805,80.58058058058059,-1.9059244508613653
806,80.68068068068068,2.073938684465657
807,80.78078078078079,-0.8550330881281539
808,80.88088088088088,1.1304406086188379
809,80.98098098098099,1.328537745245204
810,81.08108108108108,0.41358967448958894
811,81.18118118118119,-2.1508369582785893
812,81.28128128128128,-0.7669344513142408
813,81.38138138138139,0.7692912070587589
814,81.48148148148148,0.0020591701161789713
815,81.58158158158159,0.5267237656161279
816,81.68168168168168,1.3789559508197649
817,81.78178178178179,-0.8374219277446673
818,81.88188188188188,-0.08626945467801064
819,81.98198198198199,-1.4562944250448047
820,82.08208208208208,1.0252236806128214
821,82.18218218218219,0.013426099004867516
822,82.28228228228228,-1.401863642092245
823,82.38238238238239,2.661703924231271
824,82.48248248248248,0.42453378643758727
825,82.58258258258259,-0.652501762150124
826,82.68268268268268,-0.19330600188126804
827,82.78278278278279,2.358782198973482
828,82.88288288288288,0.23052510359946618
829,82.98298298298299,-0.230392775013821
830,83.08308308308308,-0.3334303148269307
831,83.18318318318319,-0.43779122618101063
832,83.28328328328328,-0.15056912105659337
833,83.38338338338339,1.2835004072751153
834,83.48348348348348,-0.12251267318341513
835,83.58358358358359,0.43381965682298523
836,83.68368368368368,-1.3239027106702863
837,83.78378378378379,0.9023086718108153
838,83.88388388388388,-0.09762860904666393
839,83.98398398398399,-0.9378549592269737
840,84.08408408408408,-0.4241433514689629
841,84.18418418418419,-0.3756054108588552
842,84.28428428428428,-0.9197929944253411
843,84.38438438438439,-0.2959283791716264
844,84.48448448448448,-1.025627404662755
845,84.58458458458459,0.7831779607745255
846,84.68468468468468,-1.8383550688075059
847,84.78478478478479,-1.2276340609873204
848,84.88488488488488,-0.22561612059024935
849,84.98498498498499,-0.07868927744183989
850,85.08508508508508,0.8600767731472054
851,85.18518518518519,0.8769130396265994
852,85.28528528528528,-1.3823658573474769
853,85.38538538538539,-0.073773942511754
854,85.4854854854855,0.10221926939103794
855,85.58558558558559,-0.9076550126357569
856,85.6856856856857,-0.1349850571456864
857,85.78578578578579,-0.6630551851882018
858,85.8858858858859,-0.49897006937463423
859,85.98598598598599,-1.6823952132779236
860,86.0860860860861,0.03555399906922961
861,86.18618618618619,0.6781839553099019
862,86.2862862862863,-0.09921322975524995
863,86.38638638638639,1.6347442509111232
864,86.4864864864865,2.3387781934859597
865,86.58658658658659,-0.9327260731044107
866,86.6866866866867,-0.38626117382325825
867,86.78678678678679,1.1025874488436196
868,86.8868868868869,-1.4749003473421332
869,86.98698698698699,2.023645589201451
870,87.0870870870871,0.46011588726137725
871,87.18718718718719,-1.418486530842529
872,87.2872872872873,1.5643015553442563
873,87.38738738738739,0.7609557104580126
874,87.4874874874875,0.16045791401396117
875,87.58758758758759,-1.1171681877149826
876,87.6876876876877,0.18552431058010949
877,87.78778778778779,0.3222519508618197
878,87.8878878878879,0.5427215381629161
879,87.98798798798799,-1.0633523752974154
880,88.0880880880881,-2.261702132740413
881,88.18818818818819,-2.2129203870594942
882,88.2882882882883,-1.483047864858876
883,88.38838838838839,2.2756063554629717
884,88.4884884884885,-0.6630608215636109
885,88.58858858858859,-0.47349616885563567
886,88.6886886886887,0.3229950785081274
887,88.78878878878879,1.0319206891069128
888,88.8888888888889,-0.9327331098743405
889,88.988988988989,0.08981918164149631
890,89.0890890890891,0.15858402869447205
891,89.1891891891892,-0.8398259248056742
892,89.2892892892893,0.11714857482260418
893,89.3893893893894,-1.532017712716086
894,89.4894894894895,-0.6889073585164814
895,89.5895895895896,0.7615569379009388
896,89.6896896896897,-1.8585568030560067
897,89.7897897897898,0.08070903777752529
898,89.8898898898899,0.603986976145479
899,89.98998998999,1.0998251565560317
900,90.0900900900901,-0.009690144334656325
901,90.1901901901902,0.8000865948759087
902,90.2902902902903,1.2776704279083355
903,90.3903903903904,0.16653396576730492
904,90.4904904904905,-0.352020234471996
905,90.5905905905906,-0.5586683517416732
906,90.6906906906907,0.003417483496430071
907,90.7907907907908,1.179768075826823
908,90.8908908908909,1.1072288305679392
909,90.990990990991,-0.3664494457836932
910,91.0910910910911,0.415573136585485
911,91.1911911911912,-0.22743191271290808
912,91.2912912912913,0.8351190900658056
913,91.3913913913914,0.9011606861506279
914,91.4914914914915,-0.048627732120819646
915,91.5915915915916,-1.1446268072347174
916,91.6916916916917,1.5740079488241232
917,91.7917917917918,1.0100032275015745
918,91.8918918918919,-0.9864576488250182
919,91.991991991992,0.2661447601684382
920,92.0920920920921,1.8022537999787702
921,92.1921921921922,-0.7941907470812244
922,92.2922922922923,-0.9108593539702183
923,92.3923923923924,0.7010527177061465
924,92.4924924924925,0.6795350406208225
925,92.5925925925926,-1.8892218108867251
926,92.6926926926927,-1.4049346854341613
927,92.7927927927928,-1.0501316765475626
928,92.8928928928929,-0.4378628765235085
929,92.992992992993,-1.1746820066417452
930,93.0930930930931,0.8501013261320429
931,93.1931931931932,0.20354593708568636
932,93.2932932932933,1.209402753277918
933,93.3933933933934,1.0214722031051908
934,93.4934934934935,0.36684708223362894
935,93.5935935935936,1.7901315267956739
936,93.6936936936937,-2.7046073718189514
937,93.7937937937938,0.3670631714330068
938,93.8938938938939,0.5304892247762133
939,93.993993993994,-0.07929526921981733
940,94.0940940940941,-0.8836041173033997
941,94.1941941941942,1.2299630485485225
942,94.2942942942943,-1.322393501184954
943,94.3943943943944,-0.23577318118649318
944,94.4944944944945,-0.4062678718770132
945,94.5945945945946,-1.4518596872822467
946,94.6946946946947,-0.38688190100098574
947,94.7947947947948,0.32567719075129337
948,94.8948948948949,-1.7826244859470646
949,94.994994994995,0.5607367160437945
950,95.0950950950951,-0.47041924392435447
951,95.1951951951952,-0.6150153829223034
952,95.2952952952953,-0.1871173914052883
953,95.3953953953954,0.9438038689285434
954,95.4954954954955,-2.511455040292136
955,95.5955955955956,-1.5754773636865478
956,95.6956956956957,-2.1934630963276134
957,95.7957957957958,0.5294140224931836
958,95.8958958958959,-1.2021839166233246
959,95.995995995996,-0.6814060003082213
960,96.0960960960961,-0.1657464633143047
961,96.1961961961962,-1.6159274123851413
962,96.2962962962963,-0.09512211270593124
963,96.3963963963964,-0.14198264418976683
964,96.4964964964965,-0.82669812617304
965,96.5965965965966,0.30404834812552745
966,96.6966966966967,-2.1016040635184337
967,96.7967967967968,0.7446854002211787
968,96.8968968968969,1.9520131223878785
969,96.996996996997,0.2811741556617606
970,97.0970970970971,-1.7292190117366342
971,97.1971971971972,0.1677658267473223
972,97.2972972972973,-1.6819453240759195
973,97.3973973973974,-0.04120854933996356
974,97.4974974974975,-1.4516464355283119
975,97.5975975975976,-0.07059746678920954
976,97.6976976976977,-0.02025164137640384
977,97.7977977977978,-0.23607512618592105
978,97.8978978978979,0.277090457498994
979,97.997997997998,-0.9133141064871733
980,98.0980980980981,-1.8971387332744152
981,98.1981981981982,0.04050378370592138
982,98.2982982982983,1.5288164128855737
983,98.3983983983984,-1.2829897192270887
984,98.4984984984985,0.07555406300246446
985,98.5985985985986,-1.2545208375515935
986,98.6986986986987,-0.15236604534518475
987,98.7987987987988,-1.2644805437186104
988,98.8988988988989,-0.9417309578540276
989,98.998998998999,-0.4473732725188405
990,99.0990990990991,1.3955324375265226
991,99.1991991991992,-1.594544760402921
992,99.2992992992993,1.5370520710471802
993,99.3993993993994,-0.9967395225328568
994,99.4994994994995,-0.748325911880154
995,99.5995995995996,-0.24841639028223966
996,99.6996996996997,0.9877269766838596
997,99.7997997997998,-0.05916327507475934
998,99.8998998998999,-0.4991779078186973
999,100.0,1.9165665652320851
